<?xml version="1.0" standalone="yes"?>
<NewDataSet>
  <xs:schema id="NewDataSet" xmlns="" xmlns:xs="http://www.w3.org/2001/XMLSchema" xmlns:msdata="urn:schemas-microsoft-com:xml-msdata">
    <xs:element name="NewDataSet" msdata:IsDataSet="true" msdata:MainDataTable="order" msdata:UseCurrentLocale="true">
      <xs:complexType>
        <xs:choice minOccurs="0" maxOccurs="unbounded">
          <xs:element name="order">
            <xs:complexType>
              <xs:sequence>
                <xs:element name="OrderId" type="xs:int" minOccurs="0" />
                <xs:element name="OrderDate" type="xs:dateTime" minOccurs="0" />
                <xs:element name="CustomerId" type="xs:string" minOccurs="0" />
                <xs:element name="CompanyName" type="xs:string" minOccurs="0" />
                <xs:element name="EmployeeName" type="xs:string" minOccurs="0" />
              </xs:sequence>
            </xs:complexType>
          </xs:element>
        </xs:choice>
      </xs:complexType>
    </xs:element>
  </xs:schema> 
  <order>
    <OrderId>10760</OrderId>
    <OrderDate>1997-12-01T00:00:00+08:00</OrderDate>
    <CustomerId>MAISD</CustomerId>
    <CompanyName>Maison Dewey</CompanyName>
    <EmployeeName>Margaret Peacock</EmployeeName>
  </order>
  <order>
    <OrderId>10761</OrderId>
    <OrderDate>1997-12-02T00:00:00+08:00</OrderDate>
    <CustomerId>RATTC</CustomerId>
    <CompanyName>Rattlesnake Canyon Grocery</CompanyName>
    <EmployeeName>Steven Buchanan</EmployeeName>
  </order>
  <order>
    <OrderId>10762</OrderId>
    <OrderDate>1997-12-02T00:00:00+08:00</OrderDate>
    <CustomerId>FOLKO</CustomerId>
    <CompanyName>Folk och fä HB</CompanyName>
    <EmployeeName>Janet Leverling</EmployeeName>
  </order>
  <order>
    <OrderId>10763</OrderId>
    <OrderDate>1997-12-03T00:00:00+08:00</OrderDate>
    <CustomerId>FOLIG</CustomerId>
    <CompanyName>Folies gourmandes</CompanyName>
    <EmployeeName>Janet Leverling</EmployeeName>
  </order>
  <order>
    <OrderId>10764</OrderId>
    <OrderDate>1997-12-03T00:00:00+08:00</OrderDate>
    <CustomerId>ERNSH</CustomerId>
    <CompanyName>Ernst Handel</CompanyName>
    <EmployeeName>Michael Suyama</EmployeeName>
  </order>
  <order>
    <OrderId>10765</OrderId>
    <OrderDate>1997-12-04T00:00:00+08:00</OrderDate>
    <CustomerId>QUICK</CustomerId>
    <CompanyName>QUICK-Stop</CompanyName>
    <EmployeeName>Janet Leverling</EmployeeName>
  </order>
  <order>
    <OrderId>10766</OrderId>
    <OrderDate>1997-12-05T00:00:00+08:00</OrderDate>
    <CustomerId>OTTIK</CustomerId>
    <CompanyName>Ottilies Käseladen</CompanyName>
    <EmployeeName>Margaret Peacock</EmployeeName>
  </order>
  <order>
    <OrderId>10767</OrderId>
    <OrderDate>1997-12-05T00:00:00+08:00</OrderDate>
    <CustomerId>SUPRD</CustomerId>
    <CompanyName>Suprêmes délices</CompanyName>
    <EmployeeName>Margaret Peacock</EmployeeName>
  </order>
  <order>
    <OrderId>10768</OrderId>
    <OrderDate>1997-12-08T00:00:00+08:00</OrderDate>
    <CustomerId>AROUT</CustomerId>
    <CompanyName>Around the Horn</CompanyName>
    <EmployeeName>Janet Leverling</EmployeeName>
  </order>
  <order>
    <OrderId>10769</OrderId>
    <OrderDate>1997-12-08T00:00:00+08:00</OrderDate>
    <CustomerId>VAFFE</CustomerId>
    <CompanyName>Vaffeljernet</CompanyName>
    <EmployeeName>Janet Leverling</EmployeeName>
  </order>
  <order>
    <OrderId>10770</OrderId>
    <OrderDate>1997-12-09T00:00:00+08:00</OrderDate>
    <CustomerId>HANAR</CustomerId>
    <CompanyName>Hanari Carnes</CompanyName>
    <EmployeeName>Laura Callahan</EmployeeName>
  </order>
  <order>
    <OrderId>10771</OrderId>
    <OrderDate>1997-12-10T00:00:00+08:00</OrderDate>
    <CustomerId>ERNSH</CustomerId>
    <CompanyName>Ernst Handel</CompanyName>
    <EmployeeName>Anne Dodsworth</EmployeeName>
  </order>
  <order>
    <OrderId>10772</OrderId>
    <OrderDate>1997-12-10T00:00:00+08:00</OrderDate>
    <CustomerId>LEHMS</CustomerId>
    <CompanyName>Lehmanns Marktstand</CompanyName>
    <EmployeeName>Janet Leverling</EmployeeName>
  </order>
  <order>
    <OrderId>10773</OrderId>
    <OrderDate>1997-12-11T00:00:00+08:00</OrderDate>
    <CustomerId>ERNSH</CustomerId>
    <CompanyName>Ernst Handel</CompanyName>
    <EmployeeName>Nancy Davolio</EmployeeName>
  </order>
  <order>
    <OrderId>10774</OrderId>
    <OrderDate>1997-12-11T00:00:00+08:00</OrderDate>
    <CustomerId>FOLKO</CustomerId>
    <CompanyName>Folk och fä HB</CompanyName>
    <EmployeeName>Margaret Peacock</EmployeeName>
  </order>
  <order>
    <OrderId>10775</OrderId>
    <OrderDate>1997-12-12T00:00:00+08:00</OrderDate>
    <CustomerId>THECR</CustomerId>
    <CompanyName>The Cracker Box</CompanyName>
    <EmployeeName>Robert King</EmployeeName>
  </order>
  <order>
    <OrderId>10776</OrderId>
    <OrderDate>1997-12-15T00:00:00+08:00</OrderDate>
    <CustomerId>ERNSH</CustomerId>
    <CompanyName>Ernst Handel</CompanyName>
    <EmployeeName>Nancy Davolio</EmployeeName>
  </order>
  <order>
    <OrderId>10777</OrderId>
    <OrderDate>1997-12-15T00:00:00+08:00</OrderDate>
    <CustomerId>GOURL</CustomerId>
    <CompanyName>Gourmet Lanchonetes</CompanyName>
    <EmployeeName>Robert King</EmployeeName>
  </order>
  <order>
    <OrderId>10778</OrderId>
    <OrderDate>1997-12-16T00:00:00+08:00</OrderDate>
    <CustomerId>BERGS</CustomerId>
    <CompanyName>Berglunds snabbköp</CompanyName>
    <EmployeeName>Janet Leverling</EmployeeName>
  </order>
  <order>
    <OrderId>10779</OrderId>
    <OrderDate>1997-12-16T00:00:00+08:00</OrderDate>
    <CustomerId>MORGK</CustomerId>
    <CompanyName>Morgenstern Gesundkost</CompanyName>
    <EmployeeName>Janet Leverling</EmployeeName>
  </order>
  <order>
    <OrderId>10780</OrderId>
    <OrderDate>1997-12-16T00:00:00+08:00</OrderDate>
    <CustomerId>LILAS</CustomerId>
    <CompanyName>LILA-Supermercado</CompanyName>
    <EmployeeName>Andrew Fuller</EmployeeName>
  </order>
  <order>
    <OrderId>10781</OrderId>
    <OrderDate>1997-12-17T00:00:00+08:00</OrderDate>
    <CustomerId>WARTH</CustomerId>
    <CompanyName>Wartian Herkku</CompanyName>
    <EmployeeName>Andrew Fuller</EmployeeName>
  </order>
  <order>
    <OrderId>10782</OrderId>
    <OrderDate>1997-12-17T00:00:00+08:00</OrderDate>
    <CustomerId>CACTU</CustomerId>
    <CompanyName>Cactus Comidas para llevar</CompanyName>
    <EmployeeName>Anne Dodsworth</EmployeeName>
  </order>
  <order>
    <OrderId>10783</OrderId>
    <OrderDate>1997-12-18T00:00:00+08:00</OrderDate>
    <CustomerId>HANAR</CustomerId>
    <CompanyName>Hanari Carnes</CompanyName>
    <EmployeeName>Margaret Peacock</EmployeeName>
  </order>
  <order>
    <OrderId>10784</OrderId>
    <OrderDate>1997-12-18T00:00:00+08:00</OrderDate>
    <CustomerId>MAGAA</CustomerId>
    <CompanyName>Magazzini Alimentari Riuniti</CompanyName>
    <EmployeeName>Margaret Peacock</EmployeeName>
  </order>
  <order>
    <OrderId>10785</OrderId>
    <OrderDate>1997-12-18T00:00:00+08:00</OrderDate>
    <CustomerId>GROSR</CustomerId>
    <CompanyName>GROSELLA-Restaurante</CompanyName>
    <EmployeeName>Nancy Davolio</EmployeeName>
  </order>
  <order>
    <OrderId>10786</OrderId>
    <OrderDate>1997-12-19T00:00:00+08:00</OrderDate>
    <CustomerId>QUEEN</CustomerId>
    <CompanyName>Queen Cozinha</CompanyName>
    <EmployeeName>Laura Callahan</EmployeeName>
  </order>
  <order>
    <OrderId>10787</OrderId>
    <OrderDate>1997-12-19T00:00:00+08:00</OrderDate>
    <CustomerId>LAMAI</CustomerId>
    <CompanyName>La maison d'Asie</CompanyName>
    <EmployeeName>Andrew Fuller</EmployeeName>
  </order>
  <order>
    <OrderId>10788</OrderId>
    <OrderDate>1997-12-22T00:00:00+08:00</OrderDate>
    <CustomerId>QUICK</CustomerId>
    <CompanyName>QUICK-Stop</CompanyName>
    <EmployeeName>Nancy Davolio</EmployeeName>
  </order>
  <order>
    <OrderId>10789</OrderId>
    <OrderDate>1997-12-22T00:00:00+08:00</OrderDate>
    <CustomerId>FOLIG</CustomerId>
    <CompanyName>Folies gourmandes</CompanyName>
    <EmployeeName>Nancy Davolio</EmployeeName>
  </order>
  <order>
    <OrderId>10790</OrderId>
    <OrderDate>1997-12-22T00:00:00+08:00</OrderDate>
    <CustomerId>GOURL</CustomerId>
    <CompanyName>Gourmet Lanchonetes</CompanyName>
    <EmployeeName>Michael Suyama</EmployeeName>
  </order>
  <order>
    <OrderId>10791</OrderId>
    <OrderDate>1997-12-23T00:00:00+08:00</OrderDate>
    <CustomerId>FRANK</CustomerId>
    <CompanyName>Frankenversand</CompanyName>
    <EmployeeName>Michael Suyama</EmployeeName>
  </order>
  <order>
    <OrderId>10792</OrderId>
    <OrderDate>1997-12-23T00:00:00+08:00</OrderDate>
    <CustomerId>WOLZA</CustomerId>
    <CompanyName>Wolski  Zajazd</CompanyName>
    <EmployeeName>Nancy Davolio</EmployeeName>
  </order>
  <order>
    <OrderId>10793</OrderId>
    <OrderDate>1997-12-24T00:00:00+08:00</OrderDate>
    <CustomerId>AROUT</CustomerId>
    <CompanyName>Around the Horn</CompanyName>
    <EmployeeName>Janet Leverling</EmployeeName>
  </order>
  <order>
    <OrderId>10794</OrderId>
    <OrderDate>1997-12-24T00:00:00+08:00</OrderDate>
    <CustomerId>QUEDE</CustomerId>
    <CompanyName>Que Delícia</CompanyName>
    <EmployeeName>Michael Suyama</EmployeeName>
  </order>
  <order>
    <OrderId>10795</OrderId>
    <OrderDate>1997-12-24T00:00:00+08:00</OrderDate>
    <CustomerId>ERNSH</CustomerId>
    <CompanyName>Ernst Handel</CompanyName>
    <EmployeeName>Laura Callahan</EmployeeName>
  </order>
  <order>
    <OrderId>10796</OrderId>
    <OrderDate>1997-12-25T00:00:00+08:00</OrderDate>
    <CustomerId>HILAA</CustomerId>
    <CompanyName>HILARION-Abastos</CompanyName>
    <EmployeeName>Janet Leverling</EmployeeName>
  </order>
  <order>
    <OrderId>10797</OrderId>
    <OrderDate>1997-12-25T00:00:00+08:00</OrderDate>
    <CustomerId>DRACD</CustomerId>
    <CompanyName>Drachenblut Delikatessen</CompanyName>
    <EmployeeName>Robert King</EmployeeName>
  </order>
  <order>
    <OrderId>10798</OrderId>
    <OrderDate>1997-12-26T00:00:00+08:00</OrderDate>
    <CustomerId>ISLAT</CustomerId>
    <CompanyName>Island Trading</CompanyName>
    <EmployeeName>Andrew Fuller</EmployeeName>
  </order>
  <order>
    <OrderId>10799</OrderId>
    <OrderDate>1997-12-26T00:00:00+08:00</OrderDate>
    <CustomerId>KOENE</CustomerId>
    <CompanyName>Königlich Essen</CompanyName>
    <EmployeeName>Anne Dodsworth</EmployeeName>
  </order>
  <order>
    <OrderId>10800</OrderId>
    <OrderDate>1997-12-26T00:00:00+08:00</OrderDate>
    <CustomerId>SEVES</CustomerId>
    <CompanyName>Seven Seas Imports</CompanyName>
    <EmployeeName>Nancy Davolio</EmployeeName>
  </order>
  <order>
    <OrderId>10801</OrderId>
    <OrderDate>1997-12-29T00:00:00+08:00</OrderDate>
    <CustomerId>BOLID</CustomerId>
    <CompanyName>Bólido Comidas preparadas</CompanyName>
    <EmployeeName>Margaret Peacock</EmployeeName>
  </order>
  <order>
    <OrderId>10802</OrderId>
    <OrderDate>1997-12-29T00:00:00+08:00</OrderDate>
    <CustomerId>SIMOB</CustomerId>
    <CompanyName>Simons bistro</CompanyName>
    <EmployeeName>Margaret Peacock</EmployeeName>
  </order>
  <order>
    <OrderId>10803</OrderId>
    <OrderDate>1997-12-30T00:00:00+08:00</OrderDate>
    <CustomerId>WELLI</CustomerId>
    <CompanyName>Wellington Importadora</CompanyName>
    <EmployeeName>Margaret Peacock</EmployeeName>
  </order>
  <order>
    <OrderId>10804</OrderId>
    <OrderDate>1997-12-30T00:00:00+08:00</OrderDate>
    <CustomerId>SEVES</CustomerId>
    <CompanyName>Seven Seas Imports</CompanyName>
    <EmployeeName>Michael Suyama</EmployeeName>
  </order>
  <order>
    <OrderId>10805</OrderId>
    <OrderDate>1997-12-30T00:00:00+08:00</OrderDate>
    <CustomerId>THEBI</CustomerId>
    <CompanyName>The Big Cheese</CompanyName>
    <EmployeeName>Andrew Fuller</EmployeeName>
  </order>
  <order>
    <OrderId>10806</OrderId>
    <OrderDate>1997-12-31T00:00:00+08:00</OrderDate>
    <CustomerId>VICTE</CustomerId>
    <CompanyName>Victuailles en stock</CompanyName>
    <EmployeeName>Janet Leverling</EmployeeName>
  </order>
  <order>
    <OrderId>10807</OrderId>
    <OrderDate>1997-12-31T00:00:00+08:00</OrderDate>
    <CustomerId>FRANS</CustomerId>
    <CompanyName>Franchi S.p.A.</CompanyName>
    <EmployeeName>Margaret Peacock</EmployeeName>
  </order>
  <order>
    <OrderId>10808</OrderId>
    <OrderDate>1998-01-01T00:00:00+08:00</OrderDate>
    <CustomerId>OLDWO</CustomerId>
    <CompanyName>Old World Delicatessen</CompanyName>
    <EmployeeName>Andrew Fuller</EmployeeName>
  </order>
  <order>
    <OrderId>10809</OrderId>
    <OrderDate>1998-01-01T00:00:00+08:00</OrderDate>
    <CustomerId>WELLI</CustomerId>
    <CompanyName>Wellington Importadora</CompanyName>
    <EmployeeName>Robert King</EmployeeName>
  </order>
  <order>
    <OrderId>10810</OrderId>
    <OrderDate>1998-01-01T00:00:00+08:00</OrderDate>
    <CustomerId>LAUGB</CustomerId>
    <CompanyName>Laughing Bacchus Wine Cellars</CompanyName>
    <EmployeeName>Andrew Fuller</EmployeeName>
  </order>
  <order>
    <OrderId>10811</OrderId>
    <OrderDate>1998-01-02T00:00:00+08:00</OrderDate>
    <CustomerId>LINOD</CustomerId>
    <CompanyName>LINO-Delicateses</CompanyName>
    <EmployeeName>Laura Callahan</EmployeeName>
  </order>
  <order>
    <OrderId>10812</OrderId>
    <OrderDate>1998-01-02T00:00:00+08:00</OrderDate>
    <CustomerId>REGGC</CustomerId>
    <CompanyName>Reggiani Caseifici</CompanyName>
    <EmployeeName>Steven Buchanan</EmployeeName>
  </order>
  <order>
    <OrderId>10813</OrderId>
    <OrderDate>1998-01-05T00:00:00+08:00</OrderDate>
    <CustomerId>RICAR</CustomerId>
    <CompanyName>Ricardo Adocicados</CompanyName>
    <EmployeeName>Nancy Davolio</EmployeeName>
  </order>
  <order>
    <OrderId>10814</OrderId>
    <OrderDate>1998-01-05T00:00:00+08:00</OrderDate>
    <CustomerId>VICTE</CustomerId>
    <CompanyName>Victuailles en stock</CompanyName>
    <EmployeeName>Janet Leverling</EmployeeName>
  </order>
  <order>
    <OrderId>10815</OrderId>
    <OrderDate>1998-01-05T00:00:00+08:00</OrderDate>
    <CustomerId>SAVEA</CustomerId>
    <CompanyName>Save-a-lot Markets</CompanyName>
    <EmployeeName>Andrew Fuller</EmployeeName>
  </order>
  <order>
    <OrderId>10816</OrderId>
    <OrderDate>1998-01-06T00:00:00+08:00</OrderDate>
    <CustomerId>GREAL</CustomerId>
    <CompanyName>Great Lakes Food Market</CompanyName>
    <EmployeeName>Margaret Peacock</EmployeeName>
  </order>
  <order>
    <OrderId>10817</OrderId>
    <OrderDate>1998-01-06T00:00:00+08:00</OrderDate>
    <CustomerId>KOENE</CustomerId>
    <CompanyName>Königlich Essen</CompanyName>
    <EmployeeName>Janet Leverling</EmployeeName>
  </order>
  <order>
    <OrderId>10818</OrderId>
    <OrderDate>1998-01-07T00:00:00+08:00</OrderDate>
    <CustomerId>MAGAA</CustomerId>
    <CompanyName>Magazzini Alimentari Riuniti</CompanyName>
    <EmployeeName>Robert King</EmployeeName>
  </order>
  <order>
    <OrderId>10819</OrderId>
    <OrderDate>1998-01-07T00:00:00+08:00</OrderDate>
    <CustomerId>CACTU</CustomerId>
    <CompanyName>Cactus Comidas para llevar</CompanyName>
    <EmployeeName>Andrew Fuller</EmployeeName>
  </order>
  <order>
    <OrderId>10820</OrderId>
    <OrderDate>1998-01-07T00:00:00+08:00</OrderDate>
    <CustomerId>RATTC</CustomerId>
    <CompanyName>Rattlesnake Canyon Grocery</CompanyName>
    <EmployeeName>Janet Leverling</EmployeeName>
  </order>
  <order>
    <OrderId>10821</OrderId>
    <OrderDate>1998-01-08T00:00:00+08:00</OrderDate>
    <CustomerId>SPLIR</CustomerId>
    <CompanyName>Split Rail Beer &amp; Ale</CompanyName>
    <EmployeeName>Nancy Davolio</EmployeeName>
  </order>
  <order>
    <OrderId>10822</OrderId>
    <OrderDate>1998-01-08T00:00:00+08:00</OrderDate>
    <CustomerId>TRAIH</CustomerId>
    <CompanyName>Trail's Head Gourmet Provisioners</CompanyName>
    <EmployeeName>Michael Suyama</EmployeeName>
  </order>
  <order>
    <OrderId>10823</OrderId>
    <OrderDate>1998-01-09T00:00:00+08:00</OrderDate>
    <CustomerId>LILAS</CustomerId>
    <CompanyName>LILA-Supermercado</CompanyName>
    <EmployeeName>Steven Buchanan</EmployeeName>
  </order>
  <order>
    <OrderId>10824</OrderId>
    <OrderDate>1998-01-09T00:00:00+08:00</OrderDate>
    <CustomerId>FOLKO</CustomerId>
    <CompanyName>Folk och fä HB</CompanyName>
    <EmployeeName>Laura Callahan</EmployeeName>
  </order>
  <order>
    <OrderId>10825</OrderId>
    <OrderDate>1998-01-09T00:00:00+08:00</OrderDate>
    <CustomerId>DRACD</CustomerId>
    <CompanyName>Drachenblut Delikatessen</CompanyName>
    <EmployeeName>Nancy Davolio</EmployeeName>
  </order>
  <order>
    <OrderId>10826</OrderId>
    <OrderDate>1998-01-12T00:00:00+08:00</OrderDate>
    <CustomerId>BLONP</CustomerId>
    <CompanyName>Blondesddsl père et fils</CompanyName>
    <EmployeeName>Michael Suyama</EmployeeName>
  </order>
  <order>
    <OrderId>10827</OrderId>
    <OrderDate>1998-01-12T00:00:00+08:00</OrderDate>
    <CustomerId>BONAP</CustomerId>
    <CompanyName>Bon app'</CompanyName>
    <EmployeeName>Nancy Davolio</EmployeeName>
  </order>
  <order>
    <OrderId>10828</OrderId>
    <OrderDate>1998-01-13T00:00:00+08:00</OrderDate>
    <CustomerId>RANCH</CustomerId>
    <CompanyName>Rancho grande</CompanyName>
    <EmployeeName>Anne Dodsworth</EmployeeName>
  </order>
  <order>
    <OrderId>10829</OrderId>
    <OrderDate>1998-01-13T00:00:00+08:00</OrderDate>
    <CustomerId>ISLAT</CustomerId>
    <CompanyName>Island Trading</CompanyName>
    <EmployeeName>Anne Dodsworth</EmployeeName>
  </order>
  <order>
    <OrderId>10830</OrderId>
    <OrderDate>1998-01-13T00:00:00+08:00</OrderDate>
    <CustomerId>TRADH</CustomerId>
    <CompanyName>Tradição Hipermercados</CompanyName>
    <EmployeeName>Margaret Peacock</EmployeeName>
  </order>
  <order>
    <OrderId>10831</OrderId>
    <OrderDate>1998-01-14T00:00:00+08:00</OrderDate>
    <CustomerId>SANTG</CustomerId>
    <CompanyName>Santé Gourmet</CompanyName>
    <EmployeeName>Janet Leverling</EmployeeName>
  </order>
  <order>
    <OrderId>10832</OrderId>
    <OrderDate>1998-01-14T00:00:00+08:00</OrderDate>
    <CustomerId>LAMAI</CustomerId>
    <CompanyName>La maison d'Asie</CompanyName>
    <EmployeeName>Andrew Fuller</EmployeeName>
  </order>
  <order>
    <OrderId>10833</OrderId>
    <OrderDate>1998-01-15T00:00:00+08:00</OrderDate>
    <CustomerId>OTTIK</CustomerId>
    <CompanyName>Ottilies Käseladen</CompanyName>
    <EmployeeName>Michael Suyama</EmployeeName>
  </order>
  <order>
    <OrderId>10834</OrderId>
    <OrderDate>1998-01-15T00:00:00+08:00</OrderDate>
    <CustomerId>TRADH</CustomerId>
    <CompanyName>Tradição Hipermercados</CompanyName>
    <EmployeeName>Nancy Davolio</EmployeeName>
  </order>
  <order>
    <OrderId>10835</OrderId>
    <OrderDate>1998-01-15T00:00:00+08:00</OrderDate>
    <CustomerId>ALFKI</CustomerId>
    <CompanyName>Alfreds Futterkiste</CompanyName>
    <EmployeeName>Nancy Davolio</EmployeeName>
  </order>
  <order>
    <OrderId>10836</OrderId>
    <OrderDate>1998-01-16T00:00:00+08:00</OrderDate>
    <CustomerId>ERNSH</CustomerId>
    <CompanyName>Ernst Handel</CompanyName>
    <EmployeeName>Robert King</EmployeeName>
  </order>
  <order>
    <OrderId>10837</OrderId>
    <OrderDate>1998-01-16T00:00:00+08:00</OrderDate>
    <CustomerId>BERGS</CustomerId>
    <CompanyName>Berglunds snabbköp</CompanyName>
    <EmployeeName>Anne Dodsworth</EmployeeName>
  </order>
  <order>
    <OrderId>10838</OrderId>
    <OrderDate>1998-01-19T00:00:00+08:00</OrderDate>
    <CustomerId>LINOD</CustomerId>
    <CompanyName>LINO-Delicateses</CompanyName>
    <EmployeeName>Janet Leverling</EmployeeName>
  </order>
  <order>
    <OrderId>10839</OrderId>
    <OrderDate>1998-01-19T00:00:00+08:00</OrderDate>
    <CustomerId>TRADH</CustomerId>
    <CompanyName>Tradição Hipermercados</CompanyName>
    <EmployeeName>Janet Leverling</EmployeeName>
  </order>
  <order>
    <OrderId>10840</OrderId>
    <OrderDate>1998-01-19T00:00:00+08:00</OrderDate>
    <CustomerId>LINOD</CustomerId>
    <CompanyName>LINO-Delicateses</CompanyName>
    <EmployeeName>Margaret Peacock</EmployeeName>
  </order>
  <order>
    <OrderId>10841</OrderId>
    <OrderDate>1998-01-20T00:00:00+08:00</OrderDate>
    <CustomerId>SUPRD</CustomerId>
    <CompanyName>Suprêmes délices</CompanyName>
    <EmployeeName>Steven Buchanan</EmployeeName>
  </order>
  <order>
    <OrderId>10842</OrderId>
    <OrderDate>1998-01-20T00:00:00+08:00</OrderDate>
    <CustomerId>TORTU</CustomerId>
    <CompanyName>Tortuga Restaurante</CompanyName>
    <EmployeeName>Nancy Davolio</EmployeeName>
  </order>
  <order>
    <OrderId>10843</OrderId>
    <OrderDate>1998-01-21T00:00:00+08:00</OrderDate>
    <CustomerId>VICTE</CustomerId>
    <CompanyName>Victuailles en stock</CompanyName>
    <EmployeeName>Margaret Peacock</EmployeeName>
  </order>
  <order>
    <OrderId>10844</OrderId>
    <OrderDate>1998-01-21T00:00:00+08:00</OrderDate>
    <CustomerId>PICCO</CustomerId>
    <CompanyName>Piccolo und mehr</CompanyName>
    <EmployeeName>Laura Callahan</EmployeeName>
  </order>
  <order>
    <OrderId>10845</OrderId>
    <OrderDate>1998-01-21T00:00:00+08:00</OrderDate>
    <CustomerId>QUICK</CustomerId>
    <CompanyName>QUICK-Stop</CompanyName>
    <EmployeeName>Laura Callahan</EmployeeName>
  </order>
  <order>
    <OrderId>10846</OrderId>
    <OrderDate>1998-01-22T00:00:00+08:00</OrderDate>
    <CustomerId>SUPRD</CustomerId>
    <CompanyName>Suprêmes délices</CompanyName>
    <EmployeeName>Andrew Fuller</EmployeeName>
  </order>
  <order>
    <OrderId>10847</OrderId>
    <OrderDate>1998-01-22T00:00:00+08:00</OrderDate>
    <CustomerId>SAVEA</CustomerId>
    <CompanyName>Save-a-lot Markets</CompanyName>
    <EmployeeName>Margaret Peacock</EmployeeName>
  </order>
  <order>
    <OrderId>10848</OrderId>
    <OrderDate>1998-01-23T00:00:00+08:00</OrderDate>
    <CustomerId>CONSH</CustomerId>
    <CompanyName>Consolidated Holdings</CompanyName>
    <EmployeeName>Robert King</EmployeeName>
  </order>
  <order>
    <OrderId>10849</OrderId>
    <OrderDate>1998-01-23T00:00:00+08:00</OrderDate>
    <CustomerId>KOENE</CustomerId>
    <CompanyName>Königlich Essen</CompanyName>
    <EmployeeName>Anne Dodsworth</EmployeeName>
  </order>
  <order>
    <OrderId>10850</OrderId>
    <OrderDate>1998-01-23T00:00:00+08:00</OrderDate>
    <CustomerId>VICTE</CustomerId>
    <CompanyName>Victuailles en stock</CompanyName>
    <EmployeeName>Nancy Davolio</EmployeeName>
  </order>
  <order>
    <OrderId>10851</OrderId>
    <OrderDate>1998-01-26T00:00:00+08:00</OrderDate>
    <CustomerId>RICAR</CustomerId>
    <CompanyName>Ricardo Adocicados</CompanyName>
    <EmployeeName>Steven Buchanan</EmployeeName>
  </order>
  <order>
    <OrderId>10852</OrderId>
    <OrderDate>1998-01-26T00:00:00+08:00</OrderDate>
    <CustomerId>RATTC</CustomerId>
    <CompanyName>Rattlesnake Canyon Grocery</CompanyName>
    <EmployeeName>Laura Callahan</EmployeeName>
  </order>
  <order>
    <OrderId>10853</OrderId>
    <OrderDate>1998-01-27T00:00:00+08:00</OrderDate>
    <CustomerId>BLAUS</CustomerId>
    <CompanyName>Blauer See Delikatessen</CompanyName>
    <EmployeeName>Anne Dodsworth</EmployeeName>
  </order>
  <order>
    <OrderId>10854</OrderId>
    <OrderDate>1998-01-27T00:00:00+08:00</OrderDate>
    <CustomerId>ERNSH</CustomerId>
    <CompanyName>Ernst Handel</CompanyName>
    <EmployeeName>Janet Leverling</EmployeeName>
  </order>
  <order>
    <OrderId>10855</OrderId>
    <OrderDate>1998-01-27T00:00:00+08:00</OrderDate>
    <CustomerId>OLDWO</CustomerId>
    <CompanyName>Old World Delicatessen</CompanyName>
    <EmployeeName>Janet Leverling</EmployeeName>
  </order>
  <order>
    <OrderId>10856</OrderId>
    <OrderDate>1998-01-28T00:00:00+08:00</OrderDate>
    <CustomerId>ANTON</CustomerId>
    <CompanyName>Antonio Moreno Taquería</CompanyName>
    <EmployeeName>Janet Leverling</EmployeeName>
  </order>
  <order>
    <OrderId>10857</OrderId>
    <OrderDate>1998-01-28T00:00:00+08:00</OrderDate>
    <CustomerId>BERGS</CustomerId>
    <CompanyName>Berglunds snabbköp</CompanyName>
    <EmployeeName>Laura Callahan</EmployeeName>
  </order>
  <order>
    <OrderId>10858</OrderId>
    <OrderDate>1998-01-29T00:00:00+08:00</OrderDate>
    <CustomerId>LACOR</CustomerId>
    <CompanyName>La corne d'abondance</CompanyName>
    <EmployeeName>Andrew Fuller</EmployeeName>
  </order>
  <order>
    <OrderId>10859</OrderId>
    <OrderDate>1998-01-29T00:00:00+08:00</OrderDate>
    <CustomerId>FRANK</CustomerId>
    <CompanyName>Frankenversand</CompanyName>
    <EmployeeName>Nancy Davolio</EmployeeName>
  </order>
  <order>
    <OrderId>10860</OrderId>
    <OrderDate>1998-01-29T00:00:00+08:00</OrderDate>
    <CustomerId>FRANR</CustomerId>
    <CompanyName>France restauration</CompanyName>
    <EmployeeName>Janet Leverling</EmployeeName>
  </order>
  <order>
    <OrderId>10861</OrderId>
    <OrderDate>1998-01-30T00:00:00+08:00</OrderDate>
    <CustomerId>WHITC</CustomerId>
    <CompanyName>White Clover Markets</CompanyName>
    <EmployeeName>Margaret Peacock</EmployeeName>
  </order>
  <order>
    <OrderId>10862</OrderId>
    <OrderDate>1998-01-30T00:00:00+08:00</OrderDate>
    <CustomerId>LEHMS</CustomerId>
    <CompanyName>Lehmanns Marktstand</CompanyName>
    <EmployeeName>Laura Callahan</EmployeeName>
  </order>
  <order>
    <OrderId>10863</OrderId>
    <OrderDate>1998-02-02T00:00:00+08:00</OrderDate>
    <CustomerId>HILAA</CustomerId>
    <CompanyName>HILARION-Abastos</CompanyName>
    <EmployeeName>Margaret Peacock</EmployeeName>
  </order>
  <order>
    <OrderId>10864</OrderId>
    <OrderDate>1998-02-02T00:00:00+08:00</OrderDate>
    <CustomerId>AROUT</CustomerId>
    <CompanyName>Around the Horn</CompanyName>
    <EmployeeName>Margaret Peacock</EmployeeName>
  </order>
  <order>
    <OrderId>10865</OrderId>
    <OrderDate>1998-02-02T00:00:00+08:00</OrderDate>
    <CustomerId>QUICK</CustomerId>
    <CompanyName>QUICK-Stop</CompanyName>
    <EmployeeName>Andrew Fuller</EmployeeName>
  </order>
  <order>
    <OrderId>10866</OrderId>
    <OrderDate>1998-02-03T00:00:00+08:00</OrderDate>
    <CustomerId>BERGS</CustomerId>
    <CompanyName>Berglunds snabbköp</CompanyName>
    <EmployeeName>Steven Buchanan</EmployeeName>
  </order>
  <order>
    <OrderId>10867</OrderId>
    <OrderDate>1998-02-03T00:00:00+08:00</OrderDate>
    <CustomerId>LONEP</CustomerId>
    <CompanyName>Lonesome Pine Restaurant</CompanyName>
    <EmployeeName>Michael Suyama</EmployeeName>
  </order>
  <order>
    <OrderId>10868</OrderId>
    <OrderDate>1998-02-04T00:00:00+08:00</OrderDate>
    <CustomerId>QUEEN</CustomerId>
    <CompanyName>Queen Cozinha</CompanyName>
    <EmployeeName>Robert King</EmployeeName>
  </order>
  <order>
    <OrderId>10869</OrderId>
    <OrderDate>1998-02-04T00:00:00+08:00</OrderDate>
    <CustomerId>SEVES</CustomerId>
    <CompanyName>Seven Seas Imports</CompanyName>
    <EmployeeName>Steven Buchanan</EmployeeName>
  </order>
  <order>
    <OrderId>10870</OrderId>
    <OrderDate>1998-02-04T00:00:00+08:00</OrderDate>
    <CustomerId>WOLZA</CustomerId>
    <CompanyName>Wolski  Zajazd</CompanyName>
    <EmployeeName>Steven Buchanan</EmployeeName>
  </order>
  <order>
    <OrderId>10871</OrderId>
    <OrderDate>1998-02-05T00:00:00+08:00</OrderDate>
    <CustomerId>BONAP</CustomerId>
    <CompanyName>Bon app'</CompanyName>
    <EmployeeName>Anne Dodsworth</EmployeeName>
  </order>
  <order>
    <OrderId>10872</OrderId>
    <OrderDate>1998-02-05T00:00:00+08:00</OrderDate>
    <CustomerId>GODOS</CustomerId>
    <CompanyName>Godos Cocina Típica</CompanyName>
    <EmployeeName>Steven Buchanan</EmployeeName>
  </order>
  <order>
    <OrderId>10873</OrderId>
    <OrderDate>1998-02-06T00:00:00+08:00</OrderDate>
    <CustomerId>WILMK</CustomerId>
    <CompanyName>Wilman Kala</CompanyName>
    <EmployeeName>Margaret Peacock</EmployeeName>
  </order>
  <order>
    <OrderId>10874</OrderId>
    <OrderDate>1998-02-06T00:00:00+08:00</OrderDate>
    <CustomerId>GODOS</CustomerId>
    <CompanyName>Godos Cocina Típica</CompanyName>
    <EmployeeName>Steven Buchanan</EmployeeName>
  </order>
  <order>
    <OrderId>10875</OrderId>
    <OrderDate>1998-02-06T00:00:00+08:00</OrderDate>
    <CustomerId>BERGS</CustomerId>
    <CompanyName>Berglunds snabbköp</CompanyName>
    <EmployeeName>Margaret Peacock</EmployeeName>
  </order>
  <order>
    <OrderId>10876</OrderId>
    <OrderDate>1998-02-09T00:00:00+08:00</OrderDate>
    <CustomerId>BONAP</CustomerId>
    <CompanyName>Bon app'</CompanyName>
    <EmployeeName>Robert King</EmployeeName>
  </order>
  <order>
    <OrderId>10877</OrderId>
    <OrderDate>1998-02-09T00:00:00+08:00</OrderDate>
    <CustomerId>RICAR</CustomerId>
    <CompanyName>Ricardo Adocicados</CompanyName>
    <EmployeeName>Nancy Davolio</EmployeeName>
  </order>
  <order>
    <OrderId>10878</OrderId>
    <OrderDate>1998-02-10T00:00:00+08:00</OrderDate>
    <CustomerId>QUICK</CustomerId>
    <CompanyName>QUICK-Stop</CompanyName>
    <EmployeeName>Margaret Peacock</EmployeeName>
  </order>
  <order>
    <OrderId>10879</OrderId>
    <OrderDate>1998-02-10T00:00:00+08:00</OrderDate>
    <CustomerId>WILMK</CustomerId>
    <CompanyName>Wilman Kala</CompanyName>
    <EmployeeName>Janet Leverling</EmployeeName>
  </order>
  <order>
    <OrderId>10880</OrderId>
    <OrderDate>1998-02-10T00:00:00+08:00</OrderDate>
    <CustomerId>FOLKO</CustomerId>
    <CompanyName>Folk och fä HB</CompanyName>
    <EmployeeName>Robert King</EmployeeName>
  </order>
  <order>
    <OrderId>10881</OrderId>
    <OrderDate>1998-02-11T00:00:00+08:00</OrderDate>
    <CustomerId>CACTU</CustomerId>
    <CompanyName>Cactus Comidas para llevar</CompanyName>
    <EmployeeName>Margaret Peacock</EmployeeName>
  </order>
  <order>
    <OrderId>10882</OrderId>
    <OrderDate>1998-02-11T00:00:00+08:00</OrderDate>
    <CustomerId>SAVEA</CustomerId>
    <CompanyName>Save-a-lot Markets</CompanyName>
    <EmployeeName>Margaret Peacock</EmployeeName>
  </order>
  <order>
    <OrderId>10883</OrderId>
    <OrderDate>1998-02-12T00:00:00+08:00</OrderDate>
    <CustomerId>LONEP</CustomerId>
    <CompanyName>Lonesome Pine Restaurant</CompanyName>
    <EmployeeName>Laura Callahan</EmployeeName>
  </order>
  <order>
    <OrderId>10884</OrderId>
    <OrderDate>1998-02-12T00:00:00+08:00</OrderDate>
    <CustomerId>LETSS</CustomerId>
    <CompanyName>Let's Stop N Shop</CompanyName>
    <EmployeeName>Margaret Peacock</EmployeeName>
  </order>
  <order>
    <OrderId>10885</OrderId>
    <OrderDate>1998-02-12T00:00:00+08:00</OrderDate>
    <CustomerId>SUPRD</CustomerId>
    <CompanyName>Suprêmes délices</CompanyName>
    <EmployeeName>Michael Suyama</EmployeeName>
  </order>
  <order>
    <OrderId>10886</OrderId>
    <OrderDate>1998-02-13T00:00:00+08:00</OrderDate>
    <CustomerId>HANAR</CustomerId>
    <CompanyName>Hanari Carnes</CompanyName>
    <EmployeeName>Nancy Davolio</EmployeeName>
  </order>
  <order>
    <OrderId>10887</OrderId>
    <OrderDate>1998-02-13T00:00:00+08:00</OrderDate>
    <CustomerId>GALED</CustomerId>
    <CompanyName>Galería del gastrónomo</CompanyName>
    <EmployeeName>Laura Callahan</EmployeeName>
  </order>
  <order>
    <OrderId>10888</OrderId>
    <OrderDate>1998-02-16T00:00:00+08:00</OrderDate>
    <CustomerId>GODOS</CustomerId>
    <CompanyName>Godos Cocina Típica</CompanyName>
    <EmployeeName>Nancy Davolio</EmployeeName>
  </order>
  <order>
    <OrderId>10889</OrderId>
    <OrderDate>1998-02-16T00:00:00+08:00</OrderDate>
    <CustomerId>RATTC</CustomerId>
    <CompanyName>Rattlesnake Canyon Grocery</CompanyName>
    <EmployeeName>Anne Dodsworth</EmployeeName>
  </order>
  <order>
    <OrderId>10890</OrderId>
    <OrderDate>1998-02-16T00:00:00+08:00</OrderDate>
    <CustomerId>DUMON</CustomerId>
    <CompanyName>Du monde entier</CompanyName>
    <EmployeeName>Robert King</EmployeeName>
  </order>
  <order>
    <OrderId>10891</OrderId>
    <OrderDate>1998-02-17T00:00:00+08:00</OrderDate>
    <CustomerId>LEHMS</CustomerId>
    <CompanyName>Lehmanns Marktstand</CompanyName>
    <EmployeeName>Robert King</EmployeeName>
  </order>
  <order>
    <OrderId>10892</OrderId>
    <OrderDate>1998-02-17T00:00:00+08:00</OrderDate>
    <CustomerId>MAISD</CustomerId>
    <CompanyName>Maison Dewey</CompanyName>
    <EmployeeName>Margaret Peacock</EmployeeName>
  </order>
  <order>
    <OrderId>10893</OrderId>
    <OrderDate>1998-02-18T00:00:00+08:00</OrderDate>
    <CustomerId>KOENE</CustomerId>
    <CompanyName>Königlich Essen</CompanyName>
    <EmployeeName>Anne Dodsworth</EmployeeName>
  </order>
  <order>
    <OrderId>10894</OrderId>
    <OrderDate>1998-02-18T00:00:00+08:00</OrderDate>
    <CustomerId>SAVEA</CustomerId>
    <CompanyName>Save-a-lot Markets</CompanyName>
    <EmployeeName>Nancy Davolio</EmployeeName>
  </order>
  <order>
    <OrderId>10895</OrderId>
    <OrderDate>1998-02-18T00:00:00+08:00</OrderDate>
    <CustomerId>ERNSH</CustomerId>
    <CompanyName>Ernst Handel</CompanyName>
    <EmployeeName>Janet Leverling</EmployeeName>
  </order>
  <order>
    <OrderId>10896</OrderId>
    <OrderDate>1998-02-19T00:00:00+08:00</OrderDate>
    <CustomerId>MAISD</CustomerId>
    <CompanyName>Maison Dewey</CompanyName>
    <EmployeeName>Robert King</EmployeeName>
  </order>
  <order>
    <OrderId>10897</OrderId>
    <OrderDate>1998-02-19T00:00:00+08:00</OrderDate>
    <CustomerId>HUNGO</CustomerId>
    <CompanyName>Hungry Owl All-Night Grocers</CompanyName>
    <EmployeeName>Janet Leverling</EmployeeName>
  </order>
  <order>
    <OrderId>10898</OrderId>
    <OrderDate>1998-02-20T00:00:00+08:00</OrderDate>
    <CustomerId>OCEAN</CustomerId>
    <CompanyName>Océano Atlántico Ltda.</CompanyName>
    <EmployeeName>Margaret Peacock</EmployeeName>
  </order>
  <order>
    <OrderId>10899</OrderId>
    <OrderDate>1998-02-20T00:00:00+08:00</OrderDate>
    <CustomerId>LILAS</CustomerId>
    <CompanyName>LILA-Supermercado</CompanyName>
    <EmployeeName>Steven Buchanan</EmployeeName>
  </order>
  <order>
    <OrderId>10900</OrderId>
    <OrderDate>1998-02-20T00:00:00+08:00</OrderDate>
    <CustomerId>WELLI</CustomerId>
    <CompanyName>Wellington Importadora</CompanyName>
    <EmployeeName>Nancy Davolio</EmployeeName>
  </order>
  <order>
    <OrderId>10901</OrderId>
    <OrderDate>1998-02-23T00:00:00+08:00</OrderDate>
    <CustomerId>HILAA</CustomerId>
    <CompanyName>HILARION-Abastos</CompanyName>
    <EmployeeName>Margaret Peacock</EmployeeName>
  </order>
  <order>
    <OrderId>10902</OrderId>
    <OrderDate>1998-02-23T00:00:00+08:00</OrderDate>
    <CustomerId>FOLKO</CustomerId>
    <CompanyName>Folk och fä HB</CompanyName>
    <EmployeeName>Nancy Davolio</EmployeeName>
  </order>
  <order>
    <OrderId>10903</OrderId>
    <OrderDate>1998-02-24T00:00:00+08:00</OrderDate>
    <CustomerId>HANAR</CustomerId>
    <CompanyName>Hanari Carnes</CompanyName>
    <EmployeeName>Janet Leverling</EmployeeName>
  </order>
  <order>
    <OrderId>10904</OrderId>
    <OrderDate>1998-02-24T00:00:00+08:00</OrderDate>
    <CustomerId>WHITC</CustomerId>
    <CompanyName>White Clover Markets</CompanyName>
    <EmployeeName>Janet Leverling</EmployeeName>
  </order>
  <order>
    <OrderId>10905</OrderId>
    <OrderDate>1998-02-24T00:00:00+08:00</OrderDate>
    <CustomerId>WELLI</CustomerId>
    <CompanyName>Wellington Importadora</CompanyName>
    <EmployeeName>Anne Dodsworth</EmployeeName>
  </order>
  <order>
    <OrderId>10906</OrderId>
    <OrderDate>1998-02-25T00:00:00+08:00</OrderDate>
    <CustomerId>WOLZA</CustomerId>
    <CompanyName>Wolski  Zajazd</CompanyName>
    <EmployeeName>Margaret Peacock</EmployeeName>
  </order>
  <order>
    <OrderId>10907</OrderId>
    <OrderDate>1998-02-25T00:00:00+08:00</OrderDate>
    <CustomerId>SPECD</CustomerId>
    <CompanyName>Spécialités du monde</CompanyName>
    <EmployeeName>Michael Suyama</EmployeeName>
  </order>
  <order>
    <OrderId>10908</OrderId>
    <OrderDate>1998-02-26T00:00:00+08:00</OrderDate>
    <CustomerId>REGGC</CustomerId>
    <CompanyName>Reggiani Caseifici</CompanyName>
    <EmployeeName>Margaret Peacock</EmployeeName>
  </order>
  <order>
    <OrderId>10909</OrderId>
    <OrderDate>1998-02-26T00:00:00+08:00</OrderDate>
    <CustomerId>SANTG</CustomerId>
    <CompanyName>Santé Gourmet</CompanyName>
    <EmployeeName>Nancy Davolio</EmployeeName>
  </order>
  <order>
    <OrderId>10910</OrderId>
    <OrderDate>1998-02-26T00:00:00+08:00</OrderDate>
    <CustomerId>WILMK</CustomerId>
    <CompanyName>Wilman Kala</CompanyName>
    <EmployeeName>Nancy Davolio</EmployeeName>
  </order>
  <order>
    <OrderId>10911</OrderId>
    <OrderDate>1998-02-26T00:00:00+08:00</OrderDate>
    <CustomerId>GODOS</CustomerId>
    <CompanyName>Godos Cocina Típica</CompanyName>
    <EmployeeName>Janet Leverling</EmployeeName>
  </order>
  <order>
    <OrderId>10912</OrderId>
    <OrderDate>1998-02-26T00:00:00+08:00</OrderDate>
    <CustomerId>HUNGO</CustomerId>
    <CompanyName>Hungry Owl All-Night Grocers</CompanyName>
    <EmployeeName>Andrew Fuller</EmployeeName>
  </order>
  <order>
    <OrderId>10913</OrderId>
    <OrderDate>1998-02-26T00:00:00+08:00</OrderDate>
    <CustomerId>QUEEN</CustomerId>
    <CompanyName>Queen Cozinha</CompanyName>
    <EmployeeName>Margaret Peacock</EmployeeName>
  </order>
  <order>
    <OrderId>10914</OrderId>
    <OrderDate>1998-02-27T00:00:00+08:00</OrderDate>
    <CustomerId>QUEEN</CustomerId>
    <CompanyName>Queen Cozinha</CompanyName>
    <EmployeeName>Michael Suyama</EmployeeName>
  </order>
  <order>
    <OrderId>10915</OrderId>
    <OrderDate>1998-02-27T00:00:00+08:00</OrderDate>
    <CustomerId>TORTU</CustomerId>
    <CompanyName>Tortuga Restaurante</CompanyName>
    <EmployeeName>Andrew Fuller</EmployeeName>
  </order>
  <order>
    <OrderId>10916</OrderId>
    <OrderDate>1998-02-27T00:00:00+08:00</OrderDate>
    <CustomerId>RANCH</CustomerId>
    <CompanyName>Rancho grande</CompanyName>
    <EmployeeName>Nancy Davolio</EmployeeName>
  </order>
  <order>
    <OrderId>10917</OrderId>
    <OrderDate>1998-03-02T00:00:00+08:00</OrderDate>
    <CustomerId>ROMEY</CustomerId>
    <CompanyName>Romero y tomillo</CompanyName>
    <EmployeeName>Margaret Peacock</EmployeeName>
  </order>
  <order>
    <OrderId>10918</OrderId>
    <OrderDate>1998-03-02T00:00:00+08:00</OrderDate>
    <CustomerId>BOTTM</CustomerId>
    <CompanyName>Bottom-Dollar Markets</CompanyName>
    <EmployeeName>Janet Leverling</EmployeeName>
  </order>
  <order>
    <OrderId>10919</OrderId>
    <OrderDate>1998-03-02T00:00:00+08:00</OrderDate>
    <CustomerId>LINOD</CustomerId>
    <CompanyName>LINO-Delicateses</CompanyName>
    <EmployeeName>Andrew Fuller</EmployeeName>
  </order>
  <order>
    <OrderId>10920</OrderId>
    <OrderDate>1998-03-03T00:00:00+08:00</OrderDate>
    <CustomerId>AROUT</CustomerId>
    <CompanyName>Around the Horn</CompanyName>
    <EmployeeName>Margaret Peacock</EmployeeName>
  </order>
  <order>
    <OrderId>10921</OrderId>
    <OrderDate>1998-03-03T00:00:00+08:00</OrderDate>
    <CustomerId>VAFFE</CustomerId>
    <CompanyName>Vaffeljernet</CompanyName>
    <EmployeeName>Nancy Davolio</EmployeeName>
  </order>
  <order>
    <OrderId>10922</OrderId>
    <OrderDate>1998-03-03T00:00:00+08:00</OrderDate>
    <CustomerId>HANAR</CustomerId>
    <CompanyName>Hanari Carnes</CompanyName>
    <EmployeeName>Steven Buchanan</EmployeeName>
  </order>
  <order>
    <OrderId>10923</OrderId>
    <OrderDate>1998-03-03T00:00:00+08:00</OrderDate>
    <CustomerId>LAMAI</CustomerId>
    <CompanyName>La maison d'Asie</CompanyName>
    <EmployeeName>Robert King</EmployeeName>
  </order>
  <order>
    <OrderId>10924</OrderId>
    <OrderDate>1998-03-04T00:00:00+08:00</OrderDate>
    <CustomerId>BERGS</CustomerId>
    <CompanyName>Berglunds snabbköp</CompanyName>
    <EmployeeName>Janet Leverling</EmployeeName>
  </order>
  <order>
    <OrderId>10925</OrderId>
    <OrderDate>1998-03-04T00:00:00+08:00</OrderDate>
    <CustomerId>HANAR</CustomerId>
    <CompanyName>Hanari Carnes</CompanyName>
    <EmployeeName>Janet Leverling</EmployeeName>
  </order>
  <order>
    <OrderId>10926</OrderId>
    <OrderDate>1998-03-04T00:00:00+08:00</OrderDate>
    <CustomerId>ANATR</CustomerId>
    <CompanyName>Ana Trujillo Emparedados y helados</CompanyName>
    <EmployeeName>Margaret Peacock</EmployeeName>
  </order>
  <order>
    <OrderId>10927</OrderId>
    <OrderDate>1998-03-05T00:00:00+08:00</OrderDate>
    <CustomerId>LACOR</CustomerId>
    <CompanyName>La corne d'abondance</CompanyName>
    <EmployeeName>Margaret Peacock</EmployeeName>
  </order>
  <order>
    <OrderId>10928</OrderId>
    <OrderDate>1998-03-05T00:00:00+08:00</OrderDate>
    <CustomerId>GALED</CustomerId>
    <CompanyName>Galería del gastrónomo</CompanyName>
    <EmployeeName>Nancy Davolio</EmployeeName>
  </order>
  <order>
    <OrderId>10929</OrderId>
    <OrderDate>1998-03-05T00:00:00+08:00</OrderDate>
    <CustomerId>FRANK</CustomerId>
    <CompanyName>Frankenversand</CompanyName>
    <EmployeeName>Michael Suyama</EmployeeName>
  </order>
  <order>
    <OrderId>10930</OrderId>
    <OrderDate>1998-03-06T00:00:00+08:00</OrderDate>
    <CustomerId>SUPRD</CustomerId>
    <CompanyName>Suprêmes délices</CompanyName>
    <EmployeeName>Margaret Peacock</EmployeeName>
  </order>
  <order>
    <OrderId>10931</OrderId>
    <OrderDate>1998-03-06T00:00:00+08:00</OrderDate>
    <CustomerId>RICSU</CustomerId>
    <CompanyName>Richter Supermarkt</CompanyName>
    <EmployeeName>Margaret Peacock</EmployeeName>
  </order>
  <order>
    <OrderId>10932</OrderId>
    <OrderDate>1998-03-06T00:00:00+08:00</OrderDate>
    <CustomerId>BONAP</CustomerId>
    <CompanyName>Bon app'</CompanyName>
    <EmployeeName>Laura Callahan</EmployeeName>
  </order>
  <order>
    <OrderId>10933</OrderId>
    <OrderDate>1998-03-06T00:00:00+08:00</OrderDate>
    <CustomerId>ISLAT</CustomerId>
    <CompanyName>Island Trading</CompanyName>
    <EmployeeName>Michael Suyama</EmployeeName>
  </order>
  <order>
    <OrderId>10934</OrderId>
    <OrderDate>1998-03-09T00:00:00+08:00</OrderDate>
    <CustomerId>LEHMS</CustomerId>
    <CompanyName>Lehmanns Marktstand</CompanyName>
    <EmployeeName>Janet Leverling</EmployeeName>
  </order>
  <order>
    <OrderId>10935</OrderId>
    <OrderDate>1998-03-09T00:00:00+08:00</OrderDate>
    <CustomerId>WELLI</CustomerId>
    <CompanyName>Wellington Importadora</CompanyName>
    <EmployeeName>Margaret Peacock</EmployeeName>
  </order>
  <order>
    <OrderId>10936</OrderId>
    <OrderDate>1998-03-09T00:00:00+08:00</OrderDate>
    <CustomerId>GREAL</CustomerId>
    <CompanyName>Great Lakes Food Market</CompanyName>
    <EmployeeName>Janet Leverling</EmployeeName>
  </order>
  <order>
    <OrderId>10937</OrderId>
    <OrderDate>1998-03-10T00:00:00+08:00</OrderDate>
    <CustomerId>CACTU</CustomerId>
    <CompanyName>Cactus Comidas para llevar</CompanyName>
    <EmployeeName>Robert King</EmployeeName>
  </order>
  <order>
    <OrderId>10938</OrderId>
    <OrderDate>1998-03-10T00:00:00+08:00</OrderDate>
    <CustomerId>QUICK</CustomerId>
    <CompanyName>QUICK-Stop</CompanyName>
    <EmployeeName>Janet Leverling</EmployeeName>
  </order>
  <order>
    <OrderId>10939</OrderId>
    <OrderDate>1998-03-10T00:00:00+08:00</OrderDate>
    <CustomerId>MAGAA</CustomerId>
    <CompanyName>Magazzini Alimentari Riuniti</CompanyName>
    <EmployeeName>Andrew Fuller</EmployeeName>
  </order>
  <order>
    <OrderId>10940</OrderId>
    <OrderDate>1998-03-11T00:00:00+08:00</OrderDate>
    <CustomerId>BONAP</CustomerId>
    <CompanyName>Bon app'</CompanyName>
    <EmployeeName>Laura Callahan</EmployeeName>
  </order>
  <order>
    <OrderId>10941</OrderId>
    <OrderDate>1998-03-11T00:00:00+08:00</OrderDate>
    <CustomerId>SAVEA</CustomerId>
    <CompanyName>Save-a-lot Markets</CompanyName>
    <EmployeeName>Robert King</EmployeeName>
  </order>
  <order>
    <OrderId>10942</OrderId>
    <OrderDate>1998-03-11T00:00:00+08:00</OrderDate>
    <CustomerId>REGGC</CustomerId>
    <CompanyName>Reggiani Caseifici</CompanyName>
    <EmployeeName>Anne Dodsworth</EmployeeName>
  </order>
  <order>
    <OrderId>10943</OrderId>
    <OrderDate>1998-03-11T00:00:00+08:00</OrderDate>
    <CustomerId>BSBEV</CustomerId>
    <CompanyName>B's Beverages</CompanyName>
    <EmployeeName>Margaret Peacock</EmployeeName>
  </order>
  <order>
    <OrderId>10944</OrderId>
    <OrderDate>1998-03-12T00:00:00+08:00</OrderDate>
    <CustomerId>BOTTM</CustomerId>
    <CompanyName>Bottom-Dollar Markets</CompanyName>
    <EmployeeName>Michael Suyama</EmployeeName>
  </order>
  <order>
    <OrderId>10945</OrderId>
    <OrderDate>1998-03-12T00:00:00+08:00</OrderDate>
    <CustomerId>MORGK</CustomerId>
    <CompanyName>Morgenstern Gesundkost</CompanyName>
    <EmployeeName>Margaret Peacock</EmployeeName>
  </order>
  <order>
    <OrderId>10946</OrderId>
    <OrderDate>1998-03-12T00:00:00+08:00</OrderDate>
    <CustomerId>VAFFE</CustomerId>
    <CompanyName>Vaffeljernet</CompanyName>
    <EmployeeName>Nancy Davolio</EmployeeName>
  </order>
  <order>
    <OrderId>10947</OrderId>
    <OrderDate>1998-03-13T00:00:00+08:00</OrderDate>
    <CustomerId>BSBEV</CustomerId>
    <CompanyName>B's Beverages</CompanyName>
    <EmployeeName>Janet Leverling</EmployeeName>
  </order>
  <order>
    <OrderId>10948</OrderId>
    <OrderDate>1998-03-13T00:00:00+08:00</OrderDate>
    <CustomerId>GODOS</CustomerId>
    <CompanyName>Godos Cocina Típica</CompanyName>
    <EmployeeName>Janet Leverling</EmployeeName>
  </order>
  <order>
    <OrderId>10949</OrderId>
    <OrderDate>1998-03-13T00:00:00+08:00</OrderDate>
    <CustomerId>BOTTM</CustomerId>
    <CompanyName>Bottom-Dollar Markets</CompanyName>
    <EmployeeName>Andrew Fuller</EmployeeName>
  </order>
  <order>
    <OrderId>10950</OrderId>
    <OrderDate>1998-03-16T00:00:00+08:00</OrderDate>
    <CustomerId>MAGAA</CustomerId>
    <CompanyName>Magazzini Alimentari Riuniti</CompanyName>
    <EmployeeName>Nancy Davolio</EmployeeName>
  </order>
  <order>
    <OrderId>10951</OrderId>
    <OrderDate>1998-03-16T00:00:00+08:00</OrderDate>
    <CustomerId>RICSU</CustomerId>
    <CompanyName>Richter Supermarkt</CompanyName>
    <EmployeeName>Anne Dodsworth</EmployeeName>
  </order>
  <order>
    <OrderId>10952</OrderId>
    <OrderDate>1998-03-16T00:00:00+08:00</OrderDate>
    <CustomerId>ALFKI</CustomerId>
    <CompanyName>Alfreds Futterkiste</CompanyName>
    <EmployeeName>Nancy Davolio</EmployeeName>
  </order>
  <order>
    <OrderId>10953</OrderId>
    <OrderDate>1998-03-16T00:00:00+08:00</OrderDate>
    <CustomerId>AROUT</CustomerId>
    <CompanyName>Around the Horn</CompanyName>
    <EmployeeName>Anne Dodsworth</EmployeeName>
  </order>
  <order>
    <OrderId>10954</OrderId>
    <OrderDate>1998-03-17T00:00:00+08:00</OrderDate>
    <CustomerId>LINOD</CustomerId>
    <CompanyName>LINO-Delicateses</CompanyName>
    <EmployeeName>Steven Buchanan</EmployeeName>
  </order>
  <order>
    <OrderId>10955</OrderId>
    <OrderDate>1998-03-17T00:00:00+08:00</OrderDate>
    <CustomerId>FOLKO</CustomerId>
    <CompanyName>Folk och fä HB</CompanyName>
    <EmployeeName>Laura Callahan</EmployeeName>
  </order>
  <order>
    <OrderId>10956</OrderId>
    <OrderDate>1998-03-17T00:00:00+08:00</OrderDate>
    <CustomerId>BLAUS</CustomerId>
    <CompanyName>Blauer See Delikatessen</CompanyName>
    <EmployeeName>Michael Suyama</EmployeeName>
  </order>
  <order>
    <OrderId>10957</OrderId>
    <OrderDate>1998-03-18T00:00:00+08:00</OrderDate>
    <CustomerId>HILAA</CustomerId>
    <CompanyName>HILARION-Abastos</CompanyName>
    <EmployeeName>Laura Callahan</EmployeeName>
  </order>
  <order>
    <OrderId>10958</OrderId>
    <OrderDate>1998-03-18T00:00:00+08:00</OrderDate>
    <CustomerId>OCEAN</CustomerId>
    <CompanyName>Océano Atlántico Ltda.</CompanyName>
    <EmployeeName>Robert King</EmployeeName>
  </order>
  <order>
    <OrderId>10959</OrderId>
    <OrderDate>1998-03-18T00:00:00+08:00</OrderDate>
    <CustomerId>GOURL</CustomerId>
    <CompanyName>Gourmet Lanchonetes</CompanyName>
    <EmployeeName>Michael Suyama</EmployeeName>
  </order>
  <order>
    <OrderId>10960</OrderId>
    <OrderDate>1998-03-19T00:00:00+08:00</OrderDate>
    <CustomerId>HILAA</CustomerId>
    <CompanyName>HILARION-Abastos</CompanyName>
    <EmployeeName>Janet Leverling</EmployeeName>
  </order>
  <order>
    <OrderId>10961</OrderId>
    <OrderDate>1998-03-19T00:00:00+08:00</OrderDate>
    <CustomerId>QUEEN</CustomerId>
    <CompanyName>Queen Cozinha</CompanyName>
    <EmployeeName>Laura Callahan</EmployeeName>
  </order>
  <order>
    <OrderId>10962</OrderId>
    <OrderDate>1998-03-19T00:00:00+08:00</OrderDate>
    <CustomerId>QUICK</CustomerId>
    <CompanyName>QUICK-Stop</CompanyName>
    <EmployeeName>Laura Callahan</EmployeeName>
  </order>
  <order>
    <OrderId>10963</OrderId>
    <OrderDate>1998-03-19T00:00:00+08:00</OrderDate>
    <CustomerId>FURIB</CustomerId>
    <CompanyName>Furia Bacalhau e Frutos do Mar</CompanyName>
    <EmployeeName>Anne Dodsworth</EmployeeName>
  </order>
  <order>
    <OrderId>10964</OrderId>
    <OrderDate>1998-03-20T00:00:00+08:00</OrderDate>
    <CustomerId>SPECD</CustomerId>
    <CompanyName>Spécialités du monde</CompanyName>
    <EmployeeName>Janet Leverling</EmployeeName>
  </order>
  <order>
    <OrderId>10965</OrderId>
    <OrderDate>1998-03-20T00:00:00+08:00</OrderDate>
    <CustomerId>OLDWO</CustomerId>
    <CompanyName>Old World Delicatessen</CompanyName>
    <EmployeeName>Michael Suyama</EmployeeName>
  </order>
  <order>
    <OrderId>10966</OrderId>
    <OrderDate>1998-03-20T00:00:00+08:00</OrderDate>
    <CustomerId>CHOPS</CustomerId>
    <CompanyName>Chop-suey Chinese</CompanyName>
    <EmployeeName>Margaret Peacock</EmployeeName>
  </order>
  <order>
    <OrderId>10967</OrderId>
    <OrderDate>1998-03-23T00:00:00+08:00</OrderDate>
    <CustomerId>TOMSP</CustomerId>
    <CompanyName>Toms Spezialitäten</CompanyName>
    <EmployeeName>Andrew Fuller</EmployeeName>
  </order>
  <order>
    <OrderId>10968</OrderId>
    <OrderDate>1998-03-23T00:00:00+08:00</OrderDate>
    <CustomerId>ERNSH</CustomerId>
    <CompanyName>Ernst Handel</CompanyName>
    <EmployeeName>Nancy Davolio</EmployeeName>
  </order>
  <order>
    <OrderId>10969</OrderId>
    <OrderDate>1998-03-23T00:00:00+08:00</OrderDate>
    <CustomerId>COMMI</CustomerId>
    <CompanyName>Comércio Mineiro</CompanyName>
    <EmployeeName>Nancy Davolio</EmployeeName>
  </order>
  <order>
    <OrderId>10970</OrderId>
    <OrderDate>1998-03-24T00:00:00+08:00</OrderDate>
    <CustomerId>BOLID</CustomerId>
    <CompanyName>Bólido Comidas preparadas</CompanyName>
    <EmployeeName>Anne Dodsworth</EmployeeName>
  </order>
  <order>
    <OrderId>10971</OrderId>
    <OrderDate>1998-03-24T00:00:00+08:00</OrderDate>
    <CustomerId>FRANR</CustomerId>
    <CompanyName>France restauration</CompanyName>
    <EmployeeName>Andrew Fuller</EmployeeName>
  </order>
  <order>
    <OrderId>10972</OrderId>
    <OrderDate>1998-03-24T00:00:00+08:00</OrderDate>
    <CustomerId>LACOR</CustomerId>
    <CompanyName>La corne d'abondance</CompanyName>
    <EmployeeName>Margaret Peacock</EmployeeName>
  </order>
  <order>
    <OrderId>10973</OrderId>
    <OrderDate>1998-03-24T00:00:00+08:00</OrderDate>
    <CustomerId>LACOR</CustomerId>
    <CompanyName>La corne d'abondance</CompanyName>
    <EmployeeName>Michael Suyama</EmployeeName>
  </order>
  <order>
    <OrderId>10974</OrderId>
    <OrderDate>1998-03-25T00:00:00+08:00</OrderDate>
    <CustomerId>SPLIR</CustomerId>
    <CompanyName>Split Rail Beer &amp; Ale</CompanyName>
    <EmployeeName>Janet Leverling</EmployeeName>
  </order>
  <order>
    <OrderId>10975</OrderId>
    <OrderDate>1998-03-25T00:00:00+08:00</OrderDate>
    <CustomerId>BOTTM</CustomerId>
    <CompanyName>Bottom-Dollar Markets</CompanyName>
    <EmployeeName>Nancy Davolio</EmployeeName>
  </order>
  <order>
    <OrderId>10976</OrderId>
    <OrderDate>1998-03-25T00:00:00+08:00</OrderDate>
    <CustomerId>HILAA</CustomerId>
    <CompanyName>HILARION-Abastos</CompanyName>
    <EmployeeName>Nancy Davolio</EmployeeName>
  </order>
  <order>
    <OrderId>10977</OrderId>
    <OrderDate>1998-03-26T00:00:00+08:00</OrderDate>
    <CustomerId>FOLKO</CustomerId>
    <CompanyName>Folk och fä HB</CompanyName>
    <EmployeeName>Laura Callahan</EmployeeName>
  </order>
  <order>
    <OrderId>10978</OrderId>
    <OrderDate>1998-03-26T00:00:00+08:00</OrderDate>
    <CustomerId>MAISD</CustomerId>
    <CompanyName>Maison Dewey</CompanyName>
    <EmployeeName>Anne Dodsworth</EmployeeName>
  </order>
  <order>
    <OrderId>10979</OrderId>
    <OrderDate>1998-03-26T00:00:00+08:00</OrderDate>
    <CustomerId>ERNSH</CustomerId>
    <CompanyName>Ernst Handel</CompanyName>
    <EmployeeName>Laura Callahan</EmployeeName>
  </order>
  <order>
    <OrderId>10980</OrderId>
    <OrderDate>1998-03-27T00:00:00+08:00</OrderDate>
    <CustomerId>FOLKO</CustomerId>
    <CompanyName>Folk och fä HB</CompanyName>
    <EmployeeName>Margaret Peacock</EmployeeName>
  </order>
  <order>
    <OrderId>10981</OrderId>
    <OrderDate>1998-03-27T00:00:00+08:00</OrderDate>
    <CustomerId>HANAR</CustomerId>
    <CompanyName>Hanari Carnes</CompanyName>
    <EmployeeName>Nancy Davolio</EmployeeName>
  </order>
  <order>
    <OrderId>10982</OrderId>
    <OrderDate>1998-03-27T00:00:00+08:00</OrderDate>
    <CustomerId>BOTTM</CustomerId>
    <CompanyName>Bottom-Dollar Markets</CompanyName>
    <EmployeeName>Andrew Fuller</EmployeeName>
  </order>
  <order>
    <OrderId>10983</OrderId>
    <OrderDate>1998-03-27T00:00:00+08:00</OrderDate>
    <CustomerId>SAVEA</CustomerId>
    <CompanyName>Save-a-lot Markets</CompanyName>
    <EmployeeName>Andrew Fuller</EmployeeName>
  </order>
  <order>
    <OrderId>10984</OrderId>
    <OrderDate>1998-03-30T00:00:00+08:00</OrderDate>
    <CustomerId>SAVEA</CustomerId>
    <CompanyName>Save-a-lot Markets</CompanyName>
    <EmployeeName>Nancy Davolio</EmployeeName>
  </order>
  <order>
    <OrderId>10985</OrderId>
    <OrderDate>1998-03-30T00:00:00+08:00</OrderDate>
    <CustomerId>HUNGO</CustomerId>
    <CompanyName>Hungry Owl All-Night Grocers</CompanyName>
    <EmployeeName>Andrew Fuller</EmployeeName>
  </order>
  <order>
    <OrderId>10986</OrderId>
    <OrderDate>1998-03-30T00:00:00+08:00</OrderDate>
    <CustomerId>OCEAN</CustomerId>
    <CompanyName>Océano Atlántico Ltda.</CompanyName>
    <EmployeeName>Laura Callahan</EmployeeName>
  </order>
  <order>
    <OrderId>10987</OrderId>
    <OrderDate>1998-03-31T00:00:00+08:00</OrderDate>
    <CustomerId>EASTC</CustomerId>
    <CompanyName>Eastern Connection</CompanyName>
    <EmployeeName>Laura Callahan</EmployeeName>
  </order>
  <order>
    <OrderId>10988</OrderId>
    <OrderDate>1998-03-31T00:00:00+08:00</OrderDate>
    <CustomerId>RATTC</CustomerId>
    <CompanyName>Rattlesnake Canyon Grocery</CompanyName>
    <EmployeeName>Janet Leverling</EmployeeName>
  </order>
  <order>
    <OrderId>10989</OrderId>
    <OrderDate>1998-03-31T00:00:00+08:00</OrderDate>
    <CustomerId>QUEDE</CustomerId>
    <CompanyName>Que Delícia</CompanyName>
    <EmployeeName>Andrew Fuller</EmployeeName>
  </order>
  <order>
    <OrderId>10990</OrderId>
    <OrderDate>1998-04-01T00:00:00+08:00</OrderDate>
    <CustomerId>ERNSH</CustomerId>
    <CompanyName>Ernst Handel</CompanyName>
    <EmployeeName>Andrew Fuller</EmployeeName>
  </order>
  <order>
    <OrderId>10991</OrderId>
    <OrderDate>1998-04-01T00:00:00+08:00</OrderDate>
    <CustomerId>QUICK</CustomerId>
    <CompanyName>QUICK-Stop</CompanyName>
    <EmployeeName>Nancy Davolio</EmployeeName>
  </order>
  <order>
    <OrderId>10992</OrderId>
    <OrderDate>1998-04-01T00:00:00+08:00</OrderDate>
    <CustomerId>THEBI</CustomerId>
    <CompanyName>The Big Cheese</CompanyName>
    <EmployeeName>Nancy Davolio</EmployeeName>
  </order>
  <order>
    <OrderId>10993</OrderId>
    <OrderDate>1998-04-01T00:00:00+08:00</OrderDate>
    <CustomerId>FOLKO</CustomerId>
    <CompanyName>Folk och fä HB</CompanyName>
    <EmployeeName>Robert King</EmployeeName>
  </order>
  <order>
    <OrderId>10994</OrderId>
    <OrderDate>1998-04-02T00:00:00+08:00</OrderDate>
    <CustomerId>VAFFE</CustomerId>
    <CompanyName>Vaffeljernet</CompanyName>
    <EmployeeName>Andrew Fuller</EmployeeName>
  </order>
  <order>
    <OrderId>10995</OrderId>
    <OrderDate>1998-04-02T00:00:00+08:00</OrderDate>
    <CustomerId>PERIC</CustomerId>
    <CompanyName>Pericles Comidas clásicas</CompanyName>
    <EmployeeName>Nancy Davolio</EmployeeName>
  </order>
  <order>
    <OrderId>10996</OrderId>
    <OrderDate>1998-04-02T00:00:00+08:00</OrderDate>
    <CustomerId>QUICK</CustomerId>
    <CompanyName>QUICK-Stop</CompanyName>
    <EmployeeName>Margaret Peacock</EmployeeName>
  </order>
  <order>
    <OrderId>10997</OrderId>
    <OrderDate>1998-04-03T00:00:00+08:00</OrderDate>
    <CustomerId>LILAS</CustomerId>
    <CompanyName>LILA-Supermercado</CompanyName>
    <EmployeeName>Laura Callahan</EmployeeName>
  </order>
  <order>
    <OrderId>10998</OrderId>
    <OrderDate>1998-04-03T00:00:00+08:00</OrderDate>
    <CustomerId>WOLZA</CustomerId>
    <CompanyName>Wolski  Zajazd</CompanyName>
    <EmployeeName>Laura Callahan</EmployeeName>
  </order>
  <order>
    <OrderId>10999</OrderId>
    <OrderDate>1998-04-03T00:00:00+08:00</OrderDate>
    <CustomerId>OTTIK</CustomerId>
    <CompanyName>Ottilies Käseladen</CompanyName>
    <EmployeeName>Michael Suyama</EmployeeName>
  </order>
  <order>
    <OrderId>11000</OrderId>
    <OrderDate>1998-04-06T00:00:00+08:00</OrderDate>
    <CustomerId>RATTC</CustomerId>
    <CompanyName>Rattlesnake Canyon Grocery</CompanyName>
    <EmployeeName>Andrew Fuller</EmployeeName>
  </order>
  <order>
    <OrderId>11001</OrderId>
    <OrderDate>1998-04-06T00:00:00+08:00</OrderDate>
    <CustomerId>FOLKO</CustomerId>
    <CompanyName>Folk och fä HB</CompanyName>
    <EmployeeName>Andrew Fuller</EmployeeName>
  </order>
  <order>
    <OrderId>11002</OrderId>
    <OrderDate>1998-04-06T00:00:00+08:00</OrderDate>
    <CustomerId>SAVEA</CustomerId>
    <CompanyName>Save-a-lot Markets</CompanyName>
    <EmployeeName>Margaret Peacock</EmployeeName>
  </order>
  <order>
    <OrderId>11003</OrderId>
    <OrderDate>1998-04-06T00:00:00+08:00</OrderDate>
    <CustomerId>THECR</CustomerId>
    <CompanyName>The Cracker Box</CompanyName>
    <EmployeeName>Janet Leverling</EmployeeName>
  </order>
  <order>
    <OrderId>11004</OrderId>
    <OrderDate>1998-04-07T00:00:00+08:00</OrderDate>
    <CustomerId>MAISD</CustomerId>
    <CompanyName>Maison Dewey</CompanyName>
    <EmployeeName>Janet Leverling</EmployeeName>
  </order>
  <order>
    <OrderId>11005</OrderId>
    <OrderDate>1998-04-07T00:00:00+08:00</OrderDate>
    <CustomerId>WILMK</CustomerId>
    <CompanyName>Wilman Kala</CompanyName>
    <EmployeeName>Andrew Fuller</EmployeeName>
  </order>
  <order>
    <OrderId>11006</OrderId>
    <OrderDate>1998-04-07T00:00:00+08:00</OrderDate>
    <CustomerId>GREAL</CustomerId>
    <CompanyName>Great Lakes Food Market</CompanyName>
    <EmployeeName>Janet Leverling</EmployeeName>
  </order>
  <order>
    <OrderId>11007</OrderId>
    <OrderDate>1998-04-08T00:00:00+08:00</OrderDate>
    <CustomerId>PRINI</CustomerId>
    <CompanyName>Princesa Isabel Vinhos</CompanyName>
    <EmployeeName>Laura Callahan</EmployeeName>
  </order>
  <order>
    <OrderId>11008</OrderId>
    <OrderDate>1998-04-08T00:00:00+08:00</OrderDate>
    <CustomerId>ERNSH</CustomerId>
    <CompanyName>Ernst Handel</CompanyName>
    <EmployeeName>Robert King</EmployeeName>
  </order>
  <order>
    <OrderId>11009</OrderId>
    <OrderDate>1998-04-08T00:00:00+08:00</OrderDate>
    <CustomerId>GODOS</CustomerId>
    <CompanyName>Godos Cocina Típica</CompanyName>
    <EmployeeName>Andrew Fuller</EmployeeName>
  </order>
  <order>
    <OrderId>11010</OrderId>
    <OrderDate>1998-04-09T00:00:00+08:00</OrderDate>
    <CustomerId>REGGC</CustomerId>
    <CompanyName>Reggiani Caseifici</CompanyName>
    <EmployeeName>Andrew Fuller</EmployeeName>
  </order>
  <order>
    <OrderId>11011</OrderId>
    <OrderDate>1998-04-09T00:00:00+08:00</OrderDate>
    <CustomerId>ALFKI</CustomerId>
    <CompanyName>Alfreds Futterkiste</CompanyName>
    <EmployeeName>Janet Leverling</EmployeeName>
  </order>
  <order>
    <OrderId>11012</OrderId>
    <OrderDate>1998-04-09T00:00:00+08:00</OrderDate>
    <CustomerId>FRANK</CustomerId>
    <CompanyName>Frankenversand</CompanyName>
    <EmployeeName>Nancy Davolio</EmployeeName>
  </order>
  <order>
    <OrderId>11013</OrderId>
    <OrderDate>1998-04-09T00:00:00+08:00</OrderDate>
    <CustomerId>ROMEY</CustomerId>
    <CompanyName>Romero y tomillo</CompanyName>
    <EmployeeName>Andrew Fuller</EmployeeName>
  </order>
  <order>
    <OrderId>11014</OrderId>
    <OrderDate>1998-04-10T00:00:00+08:00</OrderDate>
    <CustomerId>LINOD</CustomerId>
    <CompanyName>LINO-Delicateses</CompanyName>
    <EmployeeName>Andrew Fuller</EmployeeName>
  </order>
  <order>
    <OrderId>11015</OrderId>
    <OrderDate>1998-04-10T00:00:00+08:00</OrderDate>
    <CustomerId>SANTG</CustomerId>
    <CompanyName>Santé Gourmet</CompanyName>
    <EmployeeName>Andrew Fuller</EmployeeName>
  </order>
  <order>
    <OrderId>11016</OrderId>
    <OrderDate>1998-04-10T00:00:00+08:00</OrderDate>
    <CustomerId>AROUT</CustomerId>
    <CompanyName>Around the Horn</CompanyName>
    <EmployeeName>Anne Dodsworth</EmployeeName>
  </order>
  <order>
    <OrderId>11017</OrderId>
    <OrderDate>1998-04-13T00:00:00+08:00</OrderDate>
    <CustomerId>ERNSH</CustomerId>
    <CompanyName>Ernst Handel</CompanyName>
    <EmployeeName>Anne Dodsworth</EmployeeName>
  </order>
  <order>
    <OrderId>11018</OrderId>
    <OrderDate>1998-04-13T00:00:00+08:00</OrderDate>
    <CustomerId>LONEP</CustomerId>
    <CompanyName>Lonesome Pine Restaurant</CompanyName>
    <EmployeeName>Margaret Peacock</EmployeeName>
  </order>
  <order>
    <OrderId>11019</OrderId>
    <OrderDate>1998-04-13T00:00:00+08:00</OrderDate>
    <CustomerId>RANCH</CustomerId>
    <CompanyName>Rancho grande</CompanyName>
    <EmployeeName>Michael Suyama</EmployeeName>
  </order>
  <order>
    <OrderId>11020</OrderId>
    <OrderDate>1998-04-14T00:00:00+08:00</OrderDate>
    <CustomerId>OTTIK</CustomerId>
    <CompanyName>Ottilies Käseladen</CompanyName>
    <EmployeeName>Andrew Fuller</EmployeeName>
  </order>
  <order>
    <OrderId>11021</OrderId>
    <OrderDate>1998-04-14T00:00:00+08:00</OrderDate>
    <CustomerId>QUICK</CustomerId>
    <CompanyName>QUICK-Stop</CompanyName>
    <EmployeeName>Janet Leverling</EmployeeName>
  </order>
  <order>
    <OrderId>11022</OrderId>
    <OrderDate>1998-04-14T00:00:00+08:00</OrderDate>
    <CustomerId>HANAR</CustomerId>
    <CompanyName>Hanari Carnes</CompanyName>
    <EmployeeName>Anne Dodsworth</EmployeeName>
  </order>
  <order>
    <OrderId>11023</OrderId>
    <OrderDate>1998-04-14T00:00:00+08:00</OrderDate>
    <CustomerId>BSBEV</CustomerId>
    <CompanyName>B's Beverages</CompanyName>
    <EmployeeName>Nancy Davolio</EmployeeName>
  </order>
  <order>
    <OrderId>11024</OrderId>
    <OrderDate>1998-04-15T00:00:00+08:00</OrderDate>
    <CustomerId>EASTC</CustomerId>
    <CompanyName>Eastern Connection</CompanyName>
    <EmployeeName>Margaret Peacock</EmployeeName>
  </order>
  <order>
    <OrderId>11025</OrderId>
    <OrderDate>1998-04-15T00:00:00+08:00</OrderDate>
    <CustomerId>WARTH</CustomerId>
    <CompanyName>Wartian Herkku</CompanyName>
    <EmployeeName>Michael Suyama</EmployeeName>
  </order>
  <order>
    <OrderId>11026</OrderId>
    <OrderDate>1998-04-15T00:00:00+08:00</OrderDate>
    <CustomerId>FRANS</CustomerId>
    <CompanyName>Franchi S.p.A.</CompanyName>
    <EmployeeName>Margaret Peacock</EmployeeName>
  </order>
  <order>
    <OrderId>11027</OrderId>
    <OrderDate>1998-04-16T00:00:00+08:00</OrderDate>
    <CustomerId>BOTTM</CustomerId>
    <CompanyName>Bottom-Dollar Markets</CompanyName>
    <EmployeeName>Nancy Davolio</EmployeeName>
  </order>
  <order>
    <OrderId>11028</OrderId>
    <OrderDate>1998-04-16T00:00:00+08:00</OrderDate>
    <CustomerId>KOENE</CustomerId>
    <CompanyName>Königlich Essen</CompanyName>
    <EmployeeName>Andrew Fuller</EmployeeName>
  </order>
  <order>
    <OrderId>11029</OrderId>
    <OrderDate>1998-04-16T00:00:00+08:00</OrderDate>
    <CustomerId>CHOPS</CustomerId>
    <CompanyName>Chop-suey Chinese</CompanyName>
    <EmployeeName>Margaret Peacock</EmployeeName>
  </order>
  <order>
    <OrderId>11030</OrderId>
    <OrderDate>1998-04-17T00:00:00+08:00</OrderDate>
    <CustomerId>SAVEA</CustomerId>
    <CompanyName>Save-a-lot Markets</CompanyName>
    <EmployeeName>Robert King</EmployeeName>
  </order>
  <order>
    <OrderId>11031</OrderId>
    <OrderDate>1998-04-17T00:00:00+08:00</OrderDate>
    <CustomerId>SAVEA</CustomerId>
    <CompanyName>Save-a-lot Markets</CompanyName>
    <EmployeeName>Michael Suyama</EmployeeName>
  </order>
  <order>
    <OrderId>11032</OrderId>
    <OrderDate>1998-04-17T00:00:00+08:00</OrderDate>
    <CustomerId>WHITC</CustomerId>
    <CompanyName>White Clover Markets</CompanyName>
    <EmployeeName>Andrew Fuller</EmployeeName>
  </order>
  <order>
    <OrderId>11033</OrderId>
    <OrderDate>1998-04-17T00:00:00+08:00</OrderDate>
    <CustomerId>RICSU</CustomerId>
    <CompanyName>Richter Supermarkt</CompanyName>
    <EmployeeName>Robert King</EmployeeName>
  </order>
  <order>
    <OrderId>11034</OrderId>
    <OrderDate>1998-04-20T00:00:00+08:00</OrderDate>
    <CustomerId>OLDWO</CustomerId>
    <CompanyName>Old World Delicatessen</CompanyName>
    <EmployeeName>Laura Callahan</EmployeeName>
  </order>
  <order>
    <OrderId>11035</OrderId>
    <OrderDate>1998-04-20T00:00:00+08:00</OrderDate>
    <CustomerId>SUPRD</CustomerId>
    <CompanyName>Suprêmes délices</CompanyName>
    <EmployeeName>Andrew Fuller</EmployeeName>
  </order>
  <order>
    <OrderId>11036</OrderId>
    <OrderDate>1998-04-20T00:00:00+08:00</OrderDate>
    <CustomerId>DRACD</CustomerId>
    <CompanyName>Drachenblut Delikatessen</CompanyName>
    <EmployeeName>Laura Callahan</EmployeeName>
  </order>
  <order>
    <OrderId>11037</OrderId>
    <OrderDate>1998-04-21T00:00:00+08:00</OrderDate>
    <CustomerId>GODOS</CustomerId>
    <CompanyName>Godos Cocina Típica</CompanyName>
    <EmployeeName>Robert King</EmployeeName>
  </order>
  <order>
    <OrderId>11038</OrderId>
    <OrderDate>1998-04-21T00:00:00+08:00</OrderDate>
    <CustomerId>SUPRD</CustomerId>
    <CompanyName>Suprêmes délices</CompanyName>
    <EmployeeName>Nancy Davolio</EmployeeName>
  </order>
  <order>
    <OrderId>11039</OrderId>
    <OrderDate>1998-04-21T00:00:00+08:00</OrderDate>
    <CustomerId>LINOD</CustomerId>
    <CompanyName>LINO-Delicateses</CompanyName>
    <EmployeeName>Nancy Davolio</EmployeeName>
  </order>
  <order>
    <OrderId>11040</OrderId>
    <OrderDate>1998-04-22T00:00:00+08:00</OrderDate>
    <CustomerId>GREAL</CustomerId>
    <CompanyName>Great Lakes Food Market</CompanyName>
    <EmployeeName>Margaret Peacock</EmployeeName>
  </order>
  <order>
    <OrderId>11041</OrderId>
    <OrderDate>1998-04-22T00:00:00+08:00</OrderDate>
    <CustomerId>CHOPS</CustomerId>
    <CompanyName>Chop-suey Chinese</CompanyName>
    <EmployeeName>Janet Leverling</EmployeeName>
  </order>
  <order>
    <OrderId>11042</OrderId>
    <OrderDate>1998-04-22T00:00:00+08:00</OrderDate>
    <CustomerId>COMMI</CustomerId>
    <CompanyName>Comércio Mineiro</CompanyName>
    <EmployeeName>Andrew Fuller</EmployeeName>
  </order>
  <order>
    <OrderId>11043</OrderId>
    <OrderDate>1998-04-22T00:00:00+08:00</OrderDate>
    <CustomerId>SPECD</CustomerId>
    <CompanyName>Spécialités du monde</CompanyName>
    <EmployeeName>Steven Buchanan</EmployeeName>
  </order>
  <order>
    <OrderId>11044</OrderId>
    <OrderDate>1998-04-23T00:00:00+08:00</OrderDate>
    <CustomerId>WOLZA</CustomerId>
    <CompanyName>Wolski  Zajazd</CompanyName>
    <EmployeeName>Margaret Peacock</EmployeeName>
  </order>
  <order>
    <OrderId>11045</OrderId>
    <OrderDate>1998-04-23T00:00:00+08:00</OrderDate>
    <CustomerId>BOTTM</CustomerId>
    <CompanyName>Bottom-Dollar Markets</CompanyName>
    <EmployeeName>Michael Suyama</EmployeeName>
  </order>
  <order>
    <OrderId>11046</OrderId>
    <OrderDate>1998-04-23T00:00:00+08:00</OrderDate>
    <CustomerId>WANDK</CustomerId>
    <CompanyName>Die Wandernde Kuh</CompanyName>
    <EmployeeName>Laura Callahan</EmployeeName>
  </order>
  <order>
    <OrderId>11047</OrderId>
    <OrderDate>1998-04-24T00:00:00+08:00</OrderDate>
    <CustomerId>EASTC</CustomerId>
    <CompanyName>Eastern Connection</CompanyName>
    <EmployeeName>Robert King</EmployeeName>
  </order>
  <order>
    <OrderId>11048</OrderId>
    <OrderDate>1998-04-24T00:00:00+08:00</OrderDate>
    <CustomerId>BOTTM</CustomerId>
    <CompanyName>Bottom-Dollar Markets</CompanyName>
    <EmployeeName>Robert King</EmployeeName>
  </order>
  <order>
    <OrderId>11049</OrderId>
    <OrderDate>1998-04-24T00:00:00+08:00</OrderDate>
    <CustomerId>GOURL</CustomerId>
    <CompanyName>Gourmet Lanchonetes</CompanyName>
    <EmployeeName>Janet Leverling</EmployeeName>
  </order>
  <order>
    <OrderId>11050</OrderId>
    <OrderDate>1998-04-27T00:00:00+08:00</OrderDate>
    <CustomerId>FOLKO</CustomerId>
    <CompanyName>Folk och fä HB</CompanyName>
    <EmployeeName>Laura Callahan</EmployeeName>
  </order>
  <order>
    <OrderId>11051</OrderId>
    <OrderDate>1998-04-27T00:00:00+08:00</OrderDate>
    <CustomerId>LAMAI</CustomerId>
    <CompanyName>La maison d'Asie</CompanyName>
    <EmployeeName>Robert King</EmployeeName>
  </order>
  <order>
    <OrderId>11052</OrderId>
    <OrderDate>1998-04-27T00:00:00+08:00</OrderDate>
    <CustomerId>HANAR</CustomerId>
    <CompanyName>Hanari Carnes</CompanyName>
    <EmployeeName>Janet Leverling</EmployeeName>
  </order>
  <order>
    <OrderId>11053</OrderId>
    <OrderDate>1998-04-27T00:00:00+08:00</OrderDate>
    <CustomerId>PICCO</CustomerId>
    <CompanyName>Piccolo und mehr</CompanyName>
    <EmployeeName>Andrew Fuller</EmployeeName>
  </order>
  <order>
    <OrderId>11054</OrderId>
    <OrderDate>1998-04-28T00:00:00+08:00</OrderDate>
    <CustomerId>CACTU</CustomerId>
    <CompanyName>Cactus Comidas para llevar</CompanyName>
    <EmployeeName>Laura Callahan</EmployeeName>
  </order>
  <order>
    <OrderId>11055</OrderId>
    <OrderDate>1998-04-28T00:00:00+08:00</OrderDate>
    <CustomerId>HILAA</CustomerId>
    <CompanyName>HILARION-Abastos</CompanyName>
    <EmployeeName>Robert King</EmployeeName>
  </order>
  <order>
    <OrderId>11056</OrderId>
    <OrderDate>1998-04-28T00:00:00+08:00</OrderDate>
    <CustomerId>EASTC</CustomerId>
    <CompanyName>Eastern Connection</CompanyName>
    <EmployeeName>Laura Callahan</EmployeeName>
  </order>
  <order>
    <OrderId>11057</OrderId>
    <OrderDate>1998-04-29T00:00:00+08:00</OrderDate>
    <CustomerId>NORTS</CustomerId>
    <CompanyName>North/South</CompanyName>
    <EmployeeName>Janet Leverling</EmployeeName>
  </order>
  <order>
    <OrderId>11058</OrderId>
    <OrderDate>1998-04-29T00:00:00+08:00</OrderDate>
    <CustomerId>BLAUS</CustomerId>
    <CompanyName>Blauer See Delikatessen</CompanyName>
    <EmployeeName>Anne Dodsworth</EmployeeName>
  </order>
  <order>
    <OrderId>11059</OrderId>
    <OrderDate>1998-04-29T00:00:00+08:00</OrderDate>
    <CustomerId>RICAR</CustomerId>
    <CompanyName>Ricardo Adocicados</CompanyName>
    <EmployeeName>Andrew Fuller</EmployeeName>
  </order>
  <order>
    <OrderId>11060</OrderId>
    <OrderDate>1998-04-30T00:00:00+08:00</OrderDate>
    <CustomerId>FRANS</CustomerId>
    <CompanyName>Franchi S.p.A.</CompanyName>
    <EmployeeName>Andrew Fuller</EmployeeName>
  </order>
  <order>
    <OrderId>11061</OrderId>
    <OrderDate>1998-04-30T00:00:00+08:00</OrderDate>
    <CustomerId>GREAL</CustomerId>
    <CompanyName>Great Lakes Food Market</CompanyName>
    <EmployeeName>Margaret Peacock</EmployeeName>
  </order>
  <order>
    <OrderId>11062</OrderId>
    <OrderDate>1998-04-30T00:00:00+08:00</OrderDate>
    <CustomerId>REGGC</CustomerId>
    <CompanyName>Reggiani Caseifici</CompanyName>
    <EmployeeName>Margaret Peacock</EmployeeName>
  </order>
  <order>
    <OrderId>11063</OrderId>
    <OrderDate>1998-04-30T00:00:00+08:00</OrderDate>
    <CustomerId>HUNGO</CustomerId>
    <CompanyName>Hungry Owl All-Night Grocers</CompanyName>
    <EmployeeName>Janet Leverling</EmployeeName>
  </order>
  <order>
    <OrderId>11064</OrderId>
    <OrderDate>1998-05-01T00:00:00+08:00</OrderDate>
    <CustomerId>SAVEA</CustomerId>
    <CompanyName>Save-a-lot Markets</CompanyName>
    <EmployeeName>Nancy Davolio</EmployeeName>
  </order>
  <order>
    <OrderId>11065</OrderId>
    <OrderDate>1998-05-01T00:00:00+08:00</OrderDate>
    <CustomerId>LILAS</CustomerId>
    <CompanyName>LILA-Supermercado</CompanyName>
    <EmployeeName>Laura Callahan</EmployeeName>
  </order>
  <order>
    <OrderId>11066</OrderId>
    <OrderDate>1998-05-01T00:00:00+08:00</OrderDate>
    <CustomerId>WHITC</CustomerId>
    <CompanyName>White Clover Markets</CompanyName>
    <EmployeeName>Robert King</EmployeeName>
  </order>
  <order>
    <OrderId>11067</OrderId>
    <OrderDate>1998-05-04T00:00:00+08:00</OrderDate>
    <CustomerId>DRACD</CustomerId>
    <CompanyName>Drachenblut Delikatessen</CompanyName>
    <EmployeeName>Nancy Davolio</EmployeeName>
  </order>
  <order>
    <OrderId>11068</OrderId>
    <OrderDate>1998-05-04T00:00:00+08:00</OrderDate>
    <CustomerId>QUEEN</CustomerId>
    <CompanyName>Queen Cozinha</CompanyName>
    <EmployeeName>Laura Callahan</EmployeeName>
  </order>
  <order>
    <OrderId>11069</OrderId>
    <OrderDate>1998-05-04T00:00:00+08:00</OrderDate>
    <CustomerId>TORTU</CustomerId>
    <CompanyName>Tortuga Restaurante</CompanyName>
    <EmployeeName>Nancy Davolio</EmployeeName>
  </order>
  <order>
    <OrderId>11070</OrderId>
    <OrderDate>1998-05-05T00:00:00+08:00</OrderDate>
    <CustomerId>LEHMS</CustomerId>
    <CompanyName>Lehmanns Marktstand</CompanyName>
    <EmployeeName>Andrew Fuller</EmployeeName>
  </order>
  <order>
    <OrderId>11071</OrderId>
    <OrderDate>1998-05-05T00:00:00+08:00</OrderDate>
    <CustomerId>LILAS</CustomerId>
    <CompanyName>LILA-Supermercado</CompanyName>
    <EmployeeName>Nancy Davolio</EmployeeName>
  </order>
  <order>
    <OrderId>11072</OrderId>
    <OrderDate>1998-05-05T00:00:00+08:00</OrderDate>
    <CustomerId>ERNSH</CustomerId>
    <CompanyName>Ernst Handel</CompanyName>
    <EmployeeName>Margaret Peacock</EmployeeName>
  </order>
  <order>
    <OrderId>11073</OrderId>
    <OrderDate>1998-05-05T00:00:00+08:00</OrderDate>
    <CustomerId>PERIC</CustomerId>
    <CompanyName>Pericles Comidas clásicas</CompanyName>
    <EmployeeName>Andrew Fuller</EmployeeName>
  </order>
  <order>
    <OrderId>11074</OrderId>
    <OrderDate>1998-05-06T00:00:00+08:00</OrderDate>
    <CustomerId>SIMOB</CustomerId>
    <CompanyName>Simons bistro</CompanyName>
    <EmployeeName>Robert King</EmployeeName>
  </order>
  <order>
    <OrderId>11075</OrderId>
    <OrderDate>1998-05-06T00:00:00+08:00</OrderDate>
    <CustomerId>RICSU</CustomerId>
    <CompanyName>Richter Supermarkt</CompanyName>
    <EmployeeName>Laura Callahan</EmployeeName>
  </order>
  <order>
    <OrderId>11076</OrderId>
    <OrderDate>1998-05-06T00:00:00+08:00</OrderDate>
    <CustomerId>BONAP</CustomerId>
    <CompanyName>Bon app'</CompanyName>
    <EmployeeName>Margaret Peacock</EmployeeName>
  </order>
  <order>
    <OrderId>11077</OrderId>
    <OrderDate>1998-05-06T00:00:00+08:00</OrderDate>
    <CustomerId>RATTC</CustomerId>
    <CompanyName>Rattlesnake Canyon Grocery</CompanyName>
    <EmployeeName>Nancy Davolio</EmployeeName>
  </order>
</NewDataSet>